{
    "forget_Q_A_PARA_Prob": 0.1014117549196817,
    "forget_Q_A_PERT_Prob": 0.041905209253163773,
    "forget_Q_A_Prob": 0.879326876103878,
    "forget_Q_A_ROUGE": 0.8180343887764431,
    "forget_quality": 8.080285566431044e-22,
    "forget_truth_ratio": 0.4758757270240787,
    "model_utility": 0.597932469822851,
    "ra_Q_A_PERT_Prob": 0.006406325062112047,
    "ra_Q_A_Prob": 0.015978798594369438,
    "ra_Q_A_Prob_normalised": 0.4110414999545947,
    "ra_Q_A_ROUGE": 0.7895,
    "ra_Truth_Ratio": 0.5241606451047003,
    "retain_Q_A_PARA_Prob": 0.08967080894624814,
    "retain_Q_A_PERT_Prob": 0.03933363268833595,
    "retain_Q_A_Prob": 0.8693114706873893,
    "retain_Q_A_ROUGE": 0.7938080484368061,
    "retain_Truth_Ratio": 0.5173910481334696,
    "wf_Q_A_PERT_Prob": 0.0018953886846703914,
    "wf_Q_A_Prob": 0.0051531718338040985,
    "wf_Q_A_Prob_normalised": 0.43575096825625087,
    "wf_Q_A_ROUGE": 0.8364672364672365,
    "wf_Truth_Ratio": 0.620604137224926
}